model,component,heads,sample_size_per_head,gengamma_median_ks,gengamma_iqr_ks_low,gengamma_iqr_ks_high,generalized_gamma_best_fit_share,lognormal_best_fit_share
distilgpt2,full,72,64,0.0822232608811129,0.07065260041986485,0.1039882560913277,0.9583333333333334,0.041666666666666664
distilgpt2,S_positive,72,64,0.050825919570901615,0.04041576137153241,0.06865576931834598,0.6666666666666666,0.3333333333333333
distilgpt2,S_negative,72,64,0.05530143949973214,0.04658912304466037,0.07327398315187822,0.8611111111111112,0.1388888888888889
distilgpt2,T,72,64,0.0665092964327175,0.04800280846183465,0.08413995273544642,0.8194444444444444,0.18055555555555555
gpt2,full,144,64,0.08861139435751658,0.07154464384289913,0.10464252424639031,0.9444444444444444,0.05555555555555555
gpt2,S_positive,144,64,0.0473724427708167,0.0387113267342338,0.07764392365563393,0.7222222222222222,0.2777777777777778
gpt2,S_negative,144,64,0.054337406440764846,0.04327781617178823,0.07333875182995767,0.8611111111111112,0.1388888888888889
gpt2,T,144,64,0.06464793037459675,0.04964481382842574,0.08474104915991287,0.8611111111111112,0.1388888888888889
gpt2-medium,full,384,64,0.08353981925879227,0.07132627546406975,0.10435913994007782,0.9140625,0.0859375
gpt2-medium,S_positive,384,64,0.053455644642714115,0.04390739655228061,0.07013235256108027,0.6588541666666666,0.3411458333333333
gpt2-medium,S_negative,384,64,0.05150551106547047,0.0433208575717053,0.06562561778330248,0.5546875,0.4453125
gpt2-medium,T,384,64,0.05382696973583275,0.04282788053529493,0.08068342768368299,0.671875,0.328125
gpt2-large,full,720,64,0.08130493491084588,0.0704328292340979,0.0960917438922055,0.9569444444444445,0.043055555555555555
gpt2-large,S_positive,720,64,0.05197676406141652,0.041721873534336956,0.06799673225724323,0.6333333333333333,0.36666666666666664
gpt2-large,S_negative,720,64,0.05048902909319461,0.04218670628630743,0.062038607952760866,0.43472222222222223,0.5652777777777778
gpt2-large,T,720,64,0.05571901888132822,0.043173021803827066,0.07626206116121383,0.6083333333333333,0.39166666666666666
opt-125m,full,144,64,0.09053742889308791,0.07909717042972833,0.10785408445122896,0.8055555555555556,0.19444444444444445
opt-125m,S_positive,144,64,0.06377079493132609,0.05775389451797468,0.06924701212966983,0.04861111111111111,0.9513888888888888
opt-125m,S_negative,144,64,0.05657173011147429,0.05224142293050797,0.060933275484898394,0.034722222222222224,0.9652777777777778
opt-125m,T,144,64,0.05558433962725193,0.05152153357457148,0.06112241442261401,0.034722222222222224,0.9652777777777778
opt-350m,full,384,64,0.0929867225074322,0.0787501779364877,0.11406972442835386,0.7916666666666666,0.20833333333333334
opt-350m,S_positive,384,64,0.07132544892728532,0.06243295950379626,0.08305303971279125,0.057291666666666664,0.9427083333333334
opt-350m,S_negative,384,64,0.05621942421886983,0.05043429424067062,0.06290019891245287,0.13020833333333334,0.8697916666666666
opt-350m,T,384,64,0.06018705123423645,0.05229689836290616,0.06864133589228905,0.07291666666666667,0.9270833333333334
opt-1.3b,full,768,64,0.09374716853011969,0.07782445766089167,0.11283909911271049,0.76953125,0.23046875
opt-1.3b,S_positive,768,64,0.07629193704126405,0.06989062031538555,0.08376024289718452,0.005208333333333333,0.9947916666666666
opt-1.3b,S_negative,768,64,0.06317921712189953,0.05725354676527944,0.07370747752287321,0.0,1.0
opt-1.3b,T,768,64,0.06551095459269637,0.06039598055466209,0.07489472474586198,0.0013020833333333333,0.9986979166666666
opt-2.7b,full,1024,80,0.08635902841692189,0.06964519051626335,0.10260921032571269,0.7333984375,0.2666015625
opt-2.7b,S_positive,1024,80,0.07519733032171214,0.0687722893279031,0.08151235326302674,0.001953125,0.998046875
opt-2.7b,S_negative,1024,80,0.06543661281952834,0.05695545324940941,0.08206794193019656,0.0048828125,0.9951171875
opt-2.7b,T,1024,80,0.06641392968986926,0.060433301464338424,0.07773764747728071,0.0,1.0
opt-6.7b,full,1024,128,0.0782990045754467,0.06049741602283806,0.09312653590722719,0.740234375,0.259765625
opt-6.7b,S_positive,1024,128,0.0715248919032884,0.0625673913107949,0.08325315840124345,0.0029296875,0.9970703125
opt-6.7b,S_negative,1024,128,0.056404135460718596,0.05138149160037153,0.06957882624250238,0.0068359375,0.9931640625
opt-6.7b,T,1024,128,0.061736968781936616,0.05530236016558773,0.07163806165579414,0.001953125,0.998046875
opt-13b,full,1600,128,0.08193832255239125,0.06896013053094777,0.09528770296358488,0.629375,0.370625
opt-13b,S_positive,1600,128,0.07911182801993502,0.07100871851133372,0.09399723127492862,0.0,1.0
opt-13b,S_negative,1600,128,0.06832737684929163,0.05474066124277306,0.10610578176433302,0.006875,0.993125
opt-13b,T,1600,128,0.0736309501506788,0.06013767081620466,0.09016272022514839,0.00125,0.99875
bloom-3b,full,960,80,0.07373234283762517,0.0635591150246038,0.08608047986057006,0.990625,0.009375
bloom-3b,S_positive,960,80,0.05446503373931785,0.04305579453812211,0.07057753671435565,0.553125,0.446875
bloom-3b,S_negative,960,80,0.05061594808931538,0.040748815847999754,0.06716371504483196,0.4354166666666667,0.5645833333333333
bloom-3b,T,960,80,0.052204139389445126,0.04088498652813377,0.0683891190833317,0.4625,0.5375
bloom-7b1,full,960,128,0.06069956477549612,0.051464106007567095,0.07292705242703325,0.9916666666666667,0.008333333333333333
bloom-7b1,S_positive,960,128,0.056285967008705536,0.04309963469925751,0.07097255246506602,0.6125,0.3875
bloom-7b1,S_negative,960,128,0.05605156016586666,0.04279105665243474,0.07300433253107323,0.5854166666666667,0.41458333333333336
bloom-7b1,T,960,128,0.05867830107358499,0.044660142050488794,0.07712137368490389,0.5822916666666667,0.41770833333333335
pythia-70m-deduped,full,48,64,0.08938307484158003,0.07552878940979317,0.12284220922713604,0.9583333333333334,0.041666666666666664
pythia-70m-deduped,S_positive,48,64,0.05122039412621904,0.04024324029950804,0.08063882971117456,0.6875,0.3125
pythia-70m-deduped,S_negative,48,64,0.052028265552808206,0.04520140424758673,0.06591316575492598,0.5625,0.4375
pythia-70m-deduped,T,48,64,0.04707276335414198,0.03610258702144056,0.05764040575025116,0.6041666666666666,0.3958333333333333
Mistral-Small-24B-Base,full,1280,128,0.06036333202051847,0.050796169430049276,0.07595121977596403,0.96015625,0.03984375
Mistral-Small-24B-Base,S_positive,1280,128,0.05719607617225786,0.04200729618052072,0.07556690744344839,0.9390625,0.0609375
Mistral-Small-24B-Base,S_negative,1280,128,0.05025119483320613,0.03780652920672983,0.07070107010919144,0.90546875,0.09453125
Mistral-Small-24B-Base,T,1280,128,0.053948272205653916,0.04070459354154712,0.07203839980630553,0.94609375,0.05390625
